comment_id,task_id,subtask_id,kind,page,measure_start,measure_end,author_id,timestamp,resolved,parent_id,body
73f9207a,P0001,,question,,,,297915765,2026-08-31T14:03:03.933Z,true,,Is the sixth staff a percussion staff?
dc3d0998,P0001,,question,,,,38179254,2026-09-01T08:03:40.584Z,true,,test
bcf7f8ff,P0001,,question,,,,38179254,2026-09-01T08:13:20.251Z,true,,test5
fb550a4c,P0001,,question,,,,38179254,2026-09-01T08:21:30.747Z,true,,test
f7f95f63,P0001,,question,,,,38179254,2026-09-01T08:24:04.262Z,true,,test2
ca7de71c,P0001,,question,,,,38179254,2026-09-01T08:30:58.504Z,true,,test4
95518b12,P0001,,addition,,,,38179254,2026-09-01T08:31:30.082Z,true,,note about this
5e44560e,T0006,,question,,,,38179254,2026-09-01T12:31:54.308Z,,,this is acomment `sdkfnon
,T0005,,question,,,,,,,,hcjhwdfgkwv
