timestamp,task_id,subtask_id,user_id,action,outcome,detail,command,version,input
2026-08-31T12:52:55.074Z,P0001,,38179254,claim_encoding,accepted,,campaign.claimTask,1,"{""task_id"":""P0001""}"
2026-08-31T12:53:50.831Z,P0001,,38179254,submit_encoding,accepted,,campaign.submitScoreSetup,1,"{""task_id"":""P0001"",""staves"":6,""groups"":1,""keysig"":""4s"",""meter"":""9/8""}"
2026-08-31T12:54:30.003Z,P0001,S0001,297915765,claim_validation,accepted,,campaign.claimValidation,1,"{""task_id"":""P0001"",""subtask_id"":""S0001""}"
2026-08-31T12:55:15.679Z,P0001,S0001,297915765,submit_validation,accepted,pass,campaign.submitValidation,2,"{""task_id"":""P0001"",""subtask_id"":""S0001"",""verdict"":""pass""}"
2026-08-31T13:03:47.367Z,P0002,,297915765,claim_encoding,accepted,,campaign.claimTask,1,"{""task_id"":""P0002""}"
2026-08-31T13:05:50.560Z,P0002,,297915765,submit_encoding,accepted,,campaign.submitZones,2,"{""task_id"":""P0002"",""measures"":16,""systems"":1,""movements"":1}"
2026-08-31T13:20:36.502Z,P0002,S0001,38179254,claim_validation,accepted,,campaign.claimValidation,1,"{""task_id"":""P0002"",""subtask_id"":""S0001""}"
2026-08-31T13:21:13.588Z,P0002,S0001,38179254,submit_validation,accepted,pass,campaign.submitValidation,2,"{""task_id"":""P0002"",""subtask_id"":""S0001"",""verdict"":""pass""}"
2026-08-31T13:42:06.751Z,P0003,,38179254,claim_encoding,accepted,,campaign.claimTask,1,"{""task_id"":""P0003""}"
2026-08-31T14:03:03.933Z,P0001,,297915765,submit_comment,accepted,question,campaign.submitComment,1,"{""task_id"":""P0001"",""subtask_id"":"""",""kind"":""question"",""parent_id"":""""}"
2026-08-31T17:00:55.194Z,P0003,,38179254,reap,released,encoding,,,
2026-09-01T07:52:21.453Z,P0001,,38179254,resolve_comment,accepted,question,campaign.resolveComment,1,"{""comment_id"":""73f9207a""}"
2026-09-01T08:03:40.584Z,P0001,,38179254,submit_comment,accepted,question,campaign.submitComment,1,"{""task_id"":""P0001"",""subtask_id"":"""",""kind"":""question"",""parent_id"":""""}"
